{"green center R1": {"xlim": [-0.02083333333333334, 1.0208333333333333], "ylim": [-0.02083333333333334, 1.0208333333333333], "zlim": [-0.020833333333333332, 1.0208333333333333], "center_x": 0.5, "center_y": 0.5, "center_z": 0.5, "elevation": -216.0, "azimuth": -76.0, "roll": -263.0}, "Center green R2": {"xlim": [0.4100949333333333, 0.5499050666666667], "ylim": [0.4100949333333333, 0.5499050666666667], "zlim": [0.4100949333333333, 0.5499050666666667], "center_x": 0.4, "center_y": 0.4, "center_z": 0.4, "elevation": -200.84930848297506, "azimuth": -108.92471141680649, "roll": -266.36646066342973}, "Center Green w trend": {"xlim": [0.3608323515733333, 0.5006424849066666], "ylim": [0.36949017429333336, 0.5093003076266667], "zlim": [0.45606840149333333, 0.5958785348266666], "center_x": 0.42, "center_y": 0.43, "center_z": 0.53, "elevation": -216.0, "azimuth": -76.0, "roll": -263.0}, "no green-blue": {"xlim": [0.40858243333333333, 0.5483925666666669], "ylim": [0.4300949333333334, 0.5699050666666666], "zlim": [0.4300949333333334, 0.5699050666666666], "center_x": 0.48, "center_y": 0.5, "center_z": 0.5, "elevation": -145.1104366381632, "azimuth": -98.19347875126861, "roll": -231.56722585731268}, "5 color tilted": {"xlim": [0.40858243333333333, 0.5483925666666669], "ylim": [0.4300949333333334, 0.5699050666666666], "zlim": [0.4300949333333334, 0.5699050666666666], "center_x": 0.48, "center_y": 0.5, "center_z": 0.5, "elevation": -145.1104366381632, "azimuth": -98.19347875126861, "roll": -231.56722585731268}}